{
  "config": {
    "token": "",
    "name": "Opux",
    "game": "Status",
    "Systemd_Support": false,
    "commandprefix": "!",
    "logchan": 0,
    "guildId": 0,
    "loglevel": "Info",
    "charcorp": false,
    "authCheck": false,
    "authWeb": false,
    "killFeed": false,
    "pricecheck": false,
    "welcome": false,
    "time": false,
    "fleetup": false,
    "jabber": false,
    "teamspeak": false,
    "MOTD": false,
    "notificationFeed": false,
    "timeformat": "yyyy/MM/dd/ HH:mm:ss",
    "adminRoles": [ "Admin" ]
  },
  "mysqlConfig": {
    "hostname": "localhost",
    "port": "3306",
    "username": "discord",
    "password": "password",
    "database": "discord"
  },
  "killFeed": {
    "bigKill": 0,
    "bigkillchannel": 0,
    "losses": true,
    "reDisqID": "",
    "radius": 0,
    "radiusChannel": 0,
    "radiusSystem": "",
    "groupsConfig": {
      "group1": {
        "name": "",
        "channel": 0,
        "corpID": 0,
        "allianceID": 0,
        "minimumValue": 0,
        "minimumLossValue": 0,
        "bigKill": 0,
        "bigKillChannel": 0
      }
    }
  },
  "auth": {
    "authInterval": "30",
    "url": "",
    "port": 80,
    "authurl": "",
    "callbackurl": "",
    "client_id": "",
    "secret": "",
    "exempt": [ "Role1", "Role2" ],
    "alertChannel": 0,
    "corpTickers": true,
    "nameEnforce": true,
    "authGroups": {
      "group1": {
        "corpID": 0,
        "allianceID": 0,
        "corpMemberRole": "",
        "allianceMemberRole": ""
      }
    }
  },
  "notifications": {
    "keys": {
      "key1": {
        "characterID": "",
        "keyID": "",
        "vCode": ""
      }
    },
    "filters": {
      "999999": 0
    }
  },
  "motd": {
    "motdkeyID": "",
    "motdvCode": "",
    "motdcharid": "",
    "motdtopicchan": 0,
    "topicInterval": "30",
    "MOTDChan": "",
    "updatetopic": false,
    "restricted": 0
  },
  "fleetup": {
    "UserId": "",
    "APICode": "",
    "GroupID": "",
    "channel": 0,
    "announce_post": true,
    "announce": [ 5, 60 ]
  },
  "jabber": {
    "domain": "example.com",
    "username": "username",
    "password": "password",
    "filter": false,
    "debug": false,
    "defchan": "0000000000000",
    "filters": {
      "SUPER": "0000000000000",
      "BLOPS": "0000000000000"
    },
    "prepend": "@here"
  },
  "teamspeak": {
    "hostname": "localhost",
    "username": "serveradmin",
    "password": "passwordhere",
    "corpaswell":  false,
    "queryport": 10011,
    "serverport": 9987,
    "checkinterval": 5
  }
}
